rapidnas_id,rapidnas_name,iptv_org_id,iptv_org_name,country,programme_count,score,method,status,notes
elb100,Red Lips,RedLips.ru,Red Lips,RU,637,1.0,exact,verified,
elb101,Romance HD,Romance.sa,Romance,SA,170,1.0,exact,verified,
elb104,RTG,RTG.mx,RTG,MX,371,1.0,exact,verified,
elb105,RTG HD,RTG.mx,RTG,MX,370,1.0,exact,verified,
elb107,RU.TV,RUTV.ru,RU.TV,RU,129,1.0,exact,verified,
elb108,Russian Extreme,RussianExtreme.ru,Russian Extreme,RU,244,1.0,exact,verified,
elb1085,BT Sport 1 HD,TNTSports1.uk,TNT Sports 1,UK,143,1.0,exact,verified,
elb1087,BT Sport 2 HD,TNTSports2.uk,TNT Sports 2,UK,172,1.0,exact,verified,
elb1088,BT Sport 3 HD,TNTSports3.uk,TNT Sports 3,UK,162,1.0,exact,verified,
elb1089,BT Sport 4 HD,TNTSports4.uk,TNT Sports 4,UK,175,1.0,exact,verified,
elb109,Russian Extreme HD,RussianExtreme.ru,Russian Extreme,RU,244,1.0,exact,verified,
elb11,360 Новости HD,360News.ru,360° News,RU,411,1.0,exact,verified,
elb110,Russian Extreme UHD,RussianExtreme.ru,Russian Extreme,RU,238,1.0,exact,verified,
elb1106,C Music TV,StingrayCMusic.ca,Stingray CMusic,CA,88,1.0,exact,verified,
elb1108,Canal+ 4K,CanalK.cv,Canal K,CV,177,1.0,exact,verified,
elb1109,Canal+ Dokument HD,CanalPlusDokument.pl,Canal+ Dokument,PL,212,1.0,exact,verified,
elb111,RUSSIAN MUSICBOX,RussianMusicBox.ru,Russian MusicBox,RU,57,1.0,exact,verified,
elb1110,Canal+ Domo HD,CanalPlusDomo.pl,Canal+ Domo,PL,300,1.0,exact,verified,
elb1120,Canal+ Kuchnia HD,CanalPlusKuchnia.pl,Canal+ Kuchnia,PL,348,1.0,exact,verified,
elb1121,Canal+ Premium HD,CanalPlusPremium.pl,Canal+ Premium,PL,158,1.0,exact,verified,
elb1122,Canal+ Seriale HD,CanalPlusSeriale.pl,Canal+ Seriale,PL,244,1.0,exact,verified,
elb114,SHANT Music,ShantMusic.ru,Shant Music,RU,153,1.0,exact,verified,
elb1143,CBC Sport,CBCSport.az,CBC Sport,AZ,89,1.0,exact,verified,
elb1156,Че +2,Che.ru,Che!,RU,325,1.0,exact,verified,
elb1157,Че +4,Che.ru,Che!,RU,324,1.0,exact,verified,
elb1158,Че +7,Che.ru,Che!,RU,321,1.0,exact,verified,
elb116,SHANT Serial,ShantSerial.ru,Shant Serial,RU,198,1.0,exact,verified,
elb1160,Чижик,Chizhik.ru,Chizhik,RU,344,1.0,exact,verified,
elb1162,Cine+,CinePlus.ua,Cine+,UA,94,1.0,exact,verified,
elb1163,Cine+ Hit,CinePlusHit.ua,Cine+ Hit,UA,96,1.0,exact,verified,
elb1164,Cine+ Kids,CinePlusKids.ua,Cine+ Kids,UA,132,1.0,exact,verified,
elb1165,Cine+ Legend HD,CinePlusLegend.ua,Cine+ Legend,UA,100,1.0,exact,verified,
elb117,SHANT TV,ShantTV.am,Shant TV,AM,236,1.0,exact,verified,
elb118,Shopping Live,ShoppingLive.ru,Shopping Live,RU,184,1.0,exact,verified,
elb119,Shot TV,ShotTV.ru,Shot TV,RU,638,1.0,exact,verified,
elb12,365 дней ТВ,365daysTV.ru,365 days TV,RU,212,1.0,exact,verified,
elb120,Silk Way,SilkWay.kz,Silk Way,KZ,516,1.0,exact,verified,
elb121,Sochi Live,SochiLive.ru,Sochi Live,RU,2053,1.0,exact,verified,
elb126,Star Family HD,StarFamily.ru,Star Family,RU,201,1.0,exact,verified,
elb127,START Air,STARTAir.ru,START Air,RU,201,1.0,exact,verified,
elb128,Start World,STARTWorld.ru,START World,RU,207,1.0,exact,verified,
elb1281,DAZN 1 HD,DAZN1.uk,DAZN 1,UK,125,1.0,exact,verified,
elb1282,DAZN 2 HD,DAZN2.uk,DAZN 2,UK,113,1.0,exact,verified,
elb1284,Delfi.TV,DelfiTV.lt,Delfi TV,LT,272,1.0,exact,verified,
elb1298,Diema Sport,DiemaSport.bg,Diema Sport,BG,119,1.0,exact,verified,
elb1304,DIGI Sport 4,DigiSport4.ro,Digi Sport 4,RO,123,1.0,exact,verified,
elb1309,Дикий HD,Dikij.ru,Dikij,RU,340,1.0,exact,verified,
elb1323,DocuBox HD,DocuBox.nl,DocuBox,NL,334,1.0,exact,verified,
elb1330,Домашний (+2),Domashniy.ru,Domashniy,RU,253,1.0,exact,verified,
elb1331,Домашний (+4),Domashniy.ru,Domashniy,RU,251,1.0,exact,verified,
elb1332,Домашний (+7),Domashniy.ru,Domashniy,RU,251,1.0,exact,verified,
elb1333,Дом кино,Domkino.ru,Dom kino,RU,87,1.0,exact,verified,
elb1335,Дом кино Премиум,DomkinoPremium.ru,Dom kino Premium,RU,99,1.0,exact,verified,
elb1342,Дождь,TVRain.nl,TV Rain,NL,383,1.0,exact,verified,
elb135,Trace Sport Stars HD,TraceSportStars.fr,Trace Sport Stars,FR,368,1.0,exact,verified,
elb1354,Душевное HD,Dushevnoe.ru,Dushevnoe,RU,116,1.0,exact,verified,
elb136,Trace Urban HD,TraceUrban.fr,Trace Urban,FR,86,1.0,exact,verified,
elb1367,Eesti Kanal,EestiKanal.ee,Eesti Kanal,EE,205,1.0,exact,verified,
elb138,Travel+Adventure HD,TravelPlusAdventure.ru,Travel+Adventure,RU,276,1.0,exact,verified,
elb1385,Enter-фильм,EnterFilm.ua,Enter-Film,UA,128,1.0,exact,verified,
elb1387,Epic Drama,EpicDrama.uk,Epic Drama,UK,159,1.0,exact,verified,
elb139,Travelxp 4K,Travelxp.in,Travelxp,IN,370,1.0,exact,verified,
elb14,8 канал - Красноярск,Channel8Krasnoyarsk.ru,Channel 8 Krasnoyarsk,RU,262,1.0,exact,verified,
elb142,TVMChannel,TVMChannel.ru,TVMChannel,RU,439,1.0,exact,verified,
elb143,Ultra HD Cinema,UltraHDCinema.ru,Ultra HD Cinema,RU,116,1.0,exact,verified,
elb1433,Erox,EroX.nl,EroX,NL,308,1.0,exact,verified,
elb1437,Eska TV,EskaTV.pl,Eska TV,PL,323,1.0,exact,verified,
elb145,VHS-ка HD,VHSka.ru,VHS-ka,RU,108,1.0,exact,verified,
elb1452,EU.Music,EUMusic.ua,EU Music,UA,48,1.0,exact,verified,
elb1459,Eurosport 1,Eurosport1.fr,Eurosport 1,FR,145,1.0,exact,verified,
elb146,viju Explore,vijuExplore.ru,viju Explore,RU,238,1.0,exact,verified,
elb1461,Eurosport 2,Eurosport2.fr,Eurosport 2,FR,117,1.0,exact,verified,
elb1464,Еврокино,Evrokino.ru,Evrokino,RU,128,1.0,exact,verified,
elb1469,Extasy TV,EXTASYTV.cz,EXTASY TV,CZ,96,1.0,exact,verified,
elb147,viju History,vijuHistory.ru,viju History,RU,197,1.0,exact,verified,
elb148,viju Nature,vijuNature.ru,viju Nature,RU,207,1.0,exact,verified,
elb1480,FashionBox HD,FashionBox.nl,FashionBox,NL,255,1.0,exact,verified,
elb1481,Fast Sports 1,FastSports1.am,Fast Sports 1,AM,85,1.0,exact,verified,
elb1482,Fast Sports 2,FastSports2.am,Fast Sports 2,AM,84,1.0,exact,verified,
elb149,viju TV1000,vijuTV1000.ru,viju TV1000,RU,113,1.0,exact,verified,
elb1492,FightBox HD,FightBox.nl,FightBox,NL,84,1.0,exact,verified,
elb1497,FilmBox ArtHouse,FilmBoxArthouse.nl,FilmBox Arthouse,NL,16,1.0,exact,verified,
elb15,9 Волна,9Volna.ru,9 Volna,RU,0,1.0,exact,verified,
elb150,viju TV1000 Action,vijuTV1000action.ru,viju TV1000 action,RU,103,1.0,exact,verified,
elb152,viju TV1000 Русское,vijuTV1000russkoe.ru,viju TV1000 russkoe,RU,141,1.0,exact,verified,
elb153,viju+ Comedy,vijuPlusComedy.ru,viju+ Comedy,RU,121,1.0,exact,verified,
elb154,viju+ Megahit,vijuPlusMegahit.ru,viju+ Megahit,RU,103,1.0,exact,verified,
elb155,viju+ Planet,vijuPlusPlanet.ru,viju+ Planet,RU,299,1.0,exact,verified,
elb1558,Gametoon,Gametoon.nl,Gametoon,NL,251,1.0,exact,verified,
elb156,viju+ Premiere,vijuPlusPremiere.ru,viju+ Premiere,RU,115,1.0,exact,verified,
elb157,viju+ Serial,vijuPlusSerial.ru,viju+ Serial,RU,180,1.0,exact,verified,
elb1588,Armenia 1,Armenia1.am,Armenia 1,AM,249,1.0,exact,verified,
elb159,viju+ Sport,vijuPlusSport.ru,viju+ Sport,RU,0,1.0,exact,verified,
elb1590,Armenia 2,Armenia2.am,Armenia 2,AM,136,1.0,exact,verified,
elb160,VIVA Russia,VIVARussia.ru,VIVA Russia,RU,125,1.0,exact,verified,
elb1611,Hustler HD,HustlerHD.nl,Hustler HD,NL,171,1.0,exact,verified,
elb1617,ICTV2,ICTV2.ua,ICTV2,UA,117,1.0,exact,verified,
elb1618,ID Fashion,IDFashion.ua,ID Fashion,UA,1345,1.0,exact,verified,
elb163,Zooпарк,Zoopark.ru,Zoopark,RU,476,1.0,exact,verified,
elb164,Zooпарк,Zoopark.ru,Zoopark,RU,0,1.0,exact,verified,
elb166,Авто Плюс,AutoPlus.ru,Auto Plus,RU,780,1.0,exact,verified,
elb1675,TV3 Mini,TV3Mini.lv,TV3 Mini,LV,315,1.0,exact,verified,
elb168,Арсенал,Arsenal.ru,Arsenal,RU,254,1.0,exact,verified,
elb1680,Карусель (+2),Carousel.ru,Carousel,RU,208,1.0,exact,verified,
elb1681,Карусель (+3),Carousel.ru,Carousel,RU,206,1.0,exact,verified,
elb1682,Карусель (+4),Carousel.ru,Carousel,RU,200,1.0,exact,verified,
elb1683,Карусель (+7),Carousel.ru,Carousel,RU,197,1.0,exact,verified,
elb1684,Карусель (+8),Carousel.ru,Carousel,RU,197,1.0,exact,verified,
elb169,Арт,ART.gr,ART,GR,234,1.0,exact,verified,
elb17,Amedia 1,A1.ru,A1,RU,240,1.0,exact,verified,
elb170,Башкортостан 24,Bashkortostan24.ru,Bashkortostan 24,RU,423,1.0,exact,verified,
elb171,Беларусь 24,Belarus24.by,Belarus-24,BY,354,1.0,exact,verified,
elb1718,Kentron TV,KentronTV.am,Kentron TV,AM,318,1.0,exact,verified,
elb172,БелРос,BelRos.ru,BelRos,RU,25,1.0,exact,verified,
elb1722,Kidzone Max,KidZoneMax.ee,KidZone Max,EE,470,1.0,exact,verified,
elb1723,Kidzone Mini,KidZoneMini.ee,KidZone Mini,EE,666,1.0,exact,verified,
elb1727,Kino 24,Kino24.ru,Kino 24,RU,98,1.0,exact,verified,
elb173,Блокбастер HD,Blokbaster.ru,Blokbaster,RU,99,1.0,exact,verified,
elb1735,Кино 18+,Kino18Plus.ru,Kino 18+,RU,127,1.0,exact,verified,
elb1736,Кино 18+ International,Kino18PlusInternational.ru,Kino 18+ International,RU,56,1.0,exact,verified,
elb1737,Кино 1 International,Kino1International.ru,Kino 1 International,RU,121,1.0,exact,verified,
elb174,БОКС ТВ,BoksTV.ru,Boks TV,RU,313,1.0,exact,verified,
elb1741,Kinojam 1,KinoJam1.ru,KinoJam 1,RU,148,1.0,exact,verified,
elb1742,Kinojam 2,KinoJam2.ru,KinoJam 2,RU,133,1.0,exact,verified,
elb175,Большая Азия,BigAsia.ru,Big Asia,RU,534,1.0,exact,verified,
elb1763,КиноСезон,KinoSezon.ru,KinoSezon,RU,195,1.0,exact,verified,
elb177,В гостях у сказки,Vgostyakhuskazki.ru,V gostyakh u skazki,RU,872,1.0,exact,verified,
elb1773,KION Хит,KIONHIT.ru,KION HIT,RU,242,1.0,exact,verified,
elb1775,Классика Кино,MovieClassic.ru,Movie Classic,RU,109,1.0,exact,verified,
elb178,В гостях у сказки HD,Vgostyakhuskazki.ru,V gostyakh u skazki,RU,872,1.0,exact,verified,
elb1781,Комедийное HD,Komediynoe.ru,Komediynoe,RU,105,1.0,exact,verified,
elb179,В мире животных HD,Vmirezhivotnykh.ru,V mire zhivotnykh,RU,275,1.0,exact,verified,
elb1799,Россия К +2,RussiaK.ru,Russia-K,RU,192,1.0,exact,verified,
elb18,Amedia 1 HD,A1.ru,A1,RU,240,1.0,exact,verified,
elb180,ВМЕСТЕ РФ,VmesteRF.ru,Vmeste-RF,RU,512,1.0,exact,verified,
elb1800,Россия К +4,RussiaK.ru,Russia-K,RU,188,1.0,exact,verified,
elb1801,Россия К +7,RussiaK.ru,Russia-K,RU,184,1.0,exact,verified,
elb181,Волга,Volga.ru,Volga,RU,183,1.0,exact,verified,
elb182,Вопросы и ответы,VoprosyiOtvety.ru,Voprosy i Otvety,RU,269,1.0,exact,verified,
elb184,Глазами туриста HD,GlazamiTurista.ru,Glazami Turista,RU,350,1.0,exact,verified,
elb185,Грозный,Groznyj.ru,Groznyj,RU,242,1.0,exact,verified,
elb186,День Победы HD,DenPobedy.ru,Den Pobedy,RU,130,1.0,exact,verified,
elb187,Детский мир,Detskimir.ru,Detski mir,RU,826,1.0,exact,verified,
elb1879,Лёва,Leva.ru,Leva,RU,564,1.0,exact,verified,
elb1883,Live Music Channel HD,LiveMusicChannel.ru,Live Music Channel,RU,167,1.0,exact,verified,
elb1884,LNK,LNK.lt,LNK,LT,188,1.0,exact,verified,
elb1888,Love Nature 4K,LoveNature.ca,Love Nature,CA,211,1.0,exact,verified,
elb189,Диалоги о рыбалке HD,Dialogiorybalke.ru,Dialogi o rybalke,RU,393,1.0,exact,verified,
elb1891,LRT Televizija HD,LRTTV.lt,LRT TV,LT,294,1.0,exact,verified,
elb1892,LTV1,LTV1.lv,LTV1,LV,337,1.0,exact,verified,
elb1893,LTV7,LTV7.lv,LTV7,LV,238,1.0,exact,verified,
elb19,Amedia 2,A2.ru,A2,RU,238,1.0,exact,verified,
elb190,Дикая охота HD,Dikayaokhota.ru,Dikaya okhota,RU,0,1.0,exact,verified,
elb191,Дикая рыбалка HD,Dikayarybalka.ru,Dikaya rybalka,RU,0,1.0,exact,verified,
elb192,Доктор,Doctor.ru,Doctor,RU,277,1.0,exact,verified,
elb193,Доктор HD,Doctor.ru,Doctor,RU,277,1.0,exact,verified,
elb194,Домашние животные,DomashnieZhivotnye.ru,Domashnie Zhivotnye,RU,589,1.0,exact,verified,
elb1941,Матч! Планета,MatchPlaneta.ru,Match! Planeta,RU,160,1.0,exact,verified,
elb1946,MAX Sport 1,MaxSport1.bg,Max Sport 1,BG,97,1.0,exact,verified,
elb1948,MAX Sport 2,MaxSport2.bg,Max Sport 2,BG,102,1.0,exact,verified,
elb1949,MAX Sport 3,MaxSport3.bg,Max Sport 3,BG,99,1.0,exact,verified,
elb195,Домашний,Domashniy.ru,Domashniy,RU,242,1.0,exact,verified,
elb1950,MAX Sport 4,MaxSport4.bg,Max Sport 4,BG,101,1.0,exact,verified,
elb1954,Medeniyyet TV,MedeniyyetTV.az,Medeniyyet TV,AZ,185,1.0,exact,verified,
elb196,Дорама HD,Dorama.ru,Dorama,RU,159,1.0,exact,verified,
elb1964,Megogo Спорт,MEGOGOSport.ua,MEGOGO Sport,UA,136,1.0,exact,verified,
elb197,Драйв,Drive.ru,Drive,RU,389,1.0,exact,verified,
elb198,Еврокино,Evrokino.ru,Evrokino,RU,120,1.0,exact,verified,
elb199,ЕГЭ ТВ,EGETV.ru,EGE TV,RU,614,1.0,exact,verified,
elb20,Amedia 2 HD,A2.ru,A2,RU,238,1.0,exact,verified,
elb201,Жар птица,ZharPtitsa.ru,Zhar Ptitsa,RU,114,1.0,exact,verified,
elb202,Жара!,Zhara.ru,Zhara,RU,163,1.0,exact,verified,
elb203,Жара! HD,Zhara.ru,Zhara,RU,163,1.0,exact,verified,
elb204,Живая Планета,ZhivayaPlaneta.ru,Zhivaya Planeta,RU,338,1.0,exact,verified,
elb205,Живая природа HD,Zhivayapriroda.ru,Zhivaya priroda,RU,862,1.0,exact,verified,
elb2051,Министерство идей,Ministerstvoidey.ru,Ministerstvo idey,RU,747,1.0,exact,verified,
elb2052,Яснае ТВ,YASNAeTV.by,YASNAe TV,BY,380,1.0,exact,verified,
elb206,Живи HD,Zhivi.ru,Zhivi!,RU,399,1.0,exact,verified,
elb2063,Мир вокруг,Mirvokrug.ru,Mir vokrug,RU,464,1.0,exact,verified,
elb208,Живи!,Zhivi.ru,Zhivi!,RU,399,1.0,exact,verified,
elb209,Загородный,Zagorodnyy.ru,Zagorodnyy,RU,409,1.0,exact,verified,
elb21,Amedia Hit HD,AmediaHit.ru,Amedia Hit,RU,241,1.0,exact,verified,
elb210,Звезда,Zvezda.ru,Zvezda,RU,203,1.0,exact,verified,
elb211,Звезда Плюс HD,ZvezdaPlus.ru,Zvezda Plus,RU,263,1.0,exact,verified,
elb2111,Моя стихия,Moyastikhiya.ru,Moya stikhiya,RU,284,1.0,exact,verified,
elb2114,Мосфильм. Золотая коллекция (+4),MosfilmGoldCollection.ru,Mosfilm Gold Collection,RU,168,1.0,exact,verified,
elb212,Здоровое ТВ,ZdorovoeTV.ru,Zdorovoe TV,RU,449,1.0,exact,verified,
elb2127,MTV Dance,ClubMTVEurope.uk,Club MTV Europe,UK,0,1.0,exact,verified,
elb2128,MTV [DE],MTV.de,MTV,DE,133,1.0,exact,verified,
elb2129,MTV Europe,MTVGlobal.uk,MTV Global,UK,357,1.0,exact,verified,
elb213,Известия HD,Izvestia.ru,Izvestia,RU,1701,1.0,exact,verified,
elb214,Иллюзион+,IllusionPlus.ru,Illusion+,RU,104,1.0,exact,verified,
elb215,Индийское кино,IndiyskoyeKino.ru,Indiyskoye Kino,RU,64,1.0,exact,verified,
elb216,Индия,India.ru,India,RU,470,1.0,exact,verified,
elb2165,MuzZone,MuzzOne.kz,MuzzOne,KZ,639,1.0,exact,verified,
elb217,Индия HD,India.ru,India,RU,470,1.0,exact,verified,
elb2176,Надежда,HopeChannelRussia.ru,Hope Channel Russia,RU,463,1.0,exact,verified,
elb218,Инсайт ТВ UHD,InsaytTV.ru,Insayt TV,RU,311,1.0,exact,verified,
elb2188,Наша Сибирь 4K,NashaSibir.ru,Nasha Sibir,RU,1569,1.0,exact,verified,
elb219,История,Istoriya.ru,Istoriya,RU,228,1.0,exact,verified,
elb2191,Любимое HD,Lyubimoe.ru,Lyubimoe,RU,131,1.0,exact,verified,
elb2198,Наше HD,Nashe.ru,Nashe,RU,130,1.0,exact,verified,
elb22,Amedia Premium HD,AmediaPremium.ru,Amedia Premium,RU,228,1.0,exact,verified,
elb220,Кавказ 24,Kavkaz24.ru,Kavkaz 24,RU,429,1.0,exact,verified,
elb2200,Настоящее время HD,CurrentTimeTV.cz,Current Time TV,CZ,231,1.0,exact,verified,
elb221,Калейдоскоп ТВ,KaleidoscopeTV.ru,Kaleidoscope TV,RU,264,1.0,exact,verified,
elb2216,Неизвестная Планета,Neizvestnayaplaneta.ru,Neizvestnaya planeta,RU,330,1.0,exact,verified,
elb222,Камеди HD,Kamedi.ru,Kamedi,RU,159,1.0,exact,verified,
elb2221,NFL Network,NFLNetwork.us,NFL Network,US,104,1.0,exact,verified,
elb223,Капитан Фантастика,KapitanFantastika.ru,Kapitan Fantastika,RU,600,1.0,exact,verified,
elb224,КВН ТВ,KVNTV.ru,KVN TV,RU,118,1.0,exact,verified,
elb225,КИНЕКО,Kineko.ru,Kineko,RU,229,1.0,exact,verified,
elb2250,Nova Sport 1,NovaSport1.cz,Nova Sport 1,CZ,175,1.0,exact,verified,
elb2251,Nova Sport 2,NovaSport2.cz,Nova Sport 2,CZ,118,1.0,exact,verified,
elb2252,Nova Sport 3,NovaSport3.cz,Nova Sport 3,CZ,96,1.0,exact,verified,
elb2253,Nova Sport 4,NovaSport4.cz,Nova Sport 4,CZ,96,1.0,exact,verified,
elb226,КИНЕКО HD,Kineko.ru,Kineko,RU,229,1.0,exact,verified,
elb2265,Now Rock,NOWRock.uk,NOW Rock,UK,111,1.0,exact,verified,
elb2283,НТВ-Беларусь,NTVBelarus.by,NTV-Belarus,BY,226,1.0,exact,verified,
elb229,Кинокомедия,Kinokomedija.ru,Kinokomedija,RU,102,1.0,exact,verified,
elb230,Кинокомедия HD,Kinokomedija.ru,Kinokomedija,RU,102,1.0,exact,verified,
elb2300,О!,O.ru,O!,RU,130,1.0,exact,verified,
elb2303,OBOZ TV,ObozrevatelTV.ua,Obozrevatel TV,UA,218,1.0,exact,verified,
elb232,Киноман,Kinoman.ru,Kinoman,RU,112,1.0,exact,verified,
elb2326,Остросюжетное HD,Ostrosyuzhetnoye.ru,Ostrosyuzhetnoye,RU,173,1.0,exact,verified,
elb233,Киномикс,Kinomix.ru,Kinomix,RU,90,1.0,exact,verified,
elb2330,Открытый мир,Otkritiymir.ru,Otkritiy mir,RU,305,1.0,exact,verified,
elb2332,ОТР (+2),OTR.ru,OTR,RU,270,1.0,exact,verified,
elb2333,ОТР (+4),OTR.ru,OTR,RU,265,1.0,exact,verified,
elb2334,ОТР (+7),OTR.ru,OTR,RU,0,1.0,exact,verified,
elb234,Киномикс HD,Kinomix.ru,Kinomix,RU,90,1.0,exact,verified,
elb2355,Патриот,Patriot.ru,Patriot,RU,149,1.0,exact,verified,
elb2356,Penthouse Gold HD,PenthouseGold.us,Penthouse Gold,US,295,1.0,exact,verified,
elb2364,Первый канал,ChannelOne.ru,Channel One,RU,207,1.0,exact,verified,
elb2371,Первый информационный,PerviyInformationniy.by,Perviy Informationniy,BY,706,1.0,exact,verified,
elb238,Кинопремьера HD,Kinopremyera.ru,Kinopremyera,RU,111,1.0,exact,verified,
elb2381,Первый канал +1,ChannelOne.ru,Channel One,RU,227,1.0,exact,verified,
elb2382,Первый канал +2,ChannelOne.ru,Channel One,RU,225,1.0,exact,verified,
elb2383,Первый канал +3,ChannelOne.ru,Channel One,RU,219,1.0,exact,verified,
elb2384,Первый канал +4,ChannelOne.ru,Channel One,RU,209,1.0,exact,verified,
elb2385,Первый канал +5,ChannelOne.ru,Channel One,RU,214,1.0,exact,verified,
elb2386,Первый канал +6,ChannelOne.ru,Channel One,RU,211,1.0,exact,verified,
elb2387,Первый канал +7,ChannelOne.ru,Channel One,RU,207,1.0,exact,verified,
elb2388,Первый канал +8,ChannelOne.ru,Channel One,RU,200,1.0,exact,verified,
elb2389,Первый канал +9,ChannelOne.ru,Channel One,RU,199,1.0,exact,verified,
elb239,Киносвидание,Kinosvidanie.ru,Kinosvidanie,RU,94,1.0,exact,verified,
elb2397,Пес и Ко,PesiKo.ru,Pes i Ko,RU,122,1.0,exact,verified,
elb240,Киносвидание HD,Kinosvidanie.ru,Kinosvidanie,RU,94,1.0,exact,verified,
elb2401,Пятница! (+2),Friday.ru,Friday!,RU,177,1.0,exact,verified,
elb2402,Пятница! (+3),Friday.ru,Friday!,RU,108,1.0,exact,verified,
elb2403,Пятница! (+4),Friday.ru,Friday!,RU,174,1.0,exact,verified,
elb2404,Пятница! (+7),Friday.ru,Friday!,RU,173,1.0,exact,verified,
elb2406,Пингвин Лоло,Pingvin.ru,Pingvin,RU,860,1.0,exact,verified,
elb241,Киносемья,Kinosemja.ru,Kinosemja,RU,121,1.0,exact,verified,
elb2418,Победа,Pobeda.ru,Pobeda,RU,63,1.0,exact,verified,
elb2419,Поехали!,Poehali.ru,Poehali!,RU,269,1.0,exact,verified,
elb242,Киносемья HD,Kinosemja.ru,Kinosemja,RU,121,1.0,exact,verified,
elb2422,Polonia 1,Polonia1.pl,Polonia 1,PL,266,1.0,exact,verified,
elb243,Киносерия,Kinoseriya.ru,Kinoseriya,RU,194,1.0,exact,verified,
elb244,Киноужас HD,Kinouzhas.ru,Kinouzhas,RU,112,1.0,exact,verified,
elb245,Кинохит,KinoHit.ru,KinoHit,RU,105,1.0,exact,verified,
elb2452,Премиальное HD,Premialnoe.ru,Premialnoe,RU,135,1.0,exact,verified,
elb246,Кинохит HD,KinoHit.ru,KinoHit,RU,105,1.0,exact,verified,
elb247,Ключ,Kluch.ru,Kluch,RU,0,1.0,exact,verified,
elb2476,Private TV,PrivateTV.nl,Private TV,NL,75,1.0,exact,verified,
elb248,Ключ HD,Kluch.ru,Kluch,RU,205,1.0,exact,verified,
elb2487,Продвижение (+3),Prodvizhenie.ru,Prodvizhenie,RU,191,1.0,exact,verified,
elb2488,Продвижение (+4),Prodvizhenie.ru,Prodvizhenie,RU,191,1.0,exact,verified,
elb2489,Продвижение (+7),Prodvizhenie.ru,Prodvizhenie,RU,188,1.0,exact,verified,
elb249,Комедия,Komedia.ru,Komedia,RU,134,1.0,exact,verified,
elb2491,ProSieben,ProSieben.de,ProSieben,DE,253,1.0,exact,verified,
elb251,Конный мир HD,Konniymir.ru,Konniy mir,RU,0,1.0,exact,verified,
elb252,Красная линия,RedLine.ru,Red Line,RU,194,1.0,exact,verified,
elb2520,Радио Шансон,RadioShanson.ru,Radio Shanson,RU,334,1.0,exact,verified,
elb253,Крым 24,Crimea24.ru,Crimea 24,RU,598,1.0,exact,verified,
elb2531,Real Madrid TV,RealMadridTV.es,Real Madrid TV,ES,58,1.0,exact,verified,
elb2535,Redlight HD,RedlightHD.nl,Redlight HD,NL,182,1.0,exact,verified,
elb254,Кто есть кто,Ktoestkto.ru,Kto est kto,RU,243,1.0,exact,verified,
elb2543,Рен ТВ (+2),RENTV.ru,REN TV,RU,170,1.0,exact,verified,
elb2544,Рен ТВ (+4),RENTV.ru,REN TV,RU,171,1.0,exact,verified,
elb2545,Рен ТВ (+7),RENTV.ru,REN TV,RU,170,1.0,exact,verified,
elb2565,Романтичное HD,Romantichnoe.ru,Romantichnoe,RU,193,1.0,exact,verified,
elb2568,Россия 1 (+1),Russia1.ru,Russia-1,RU,242,1.0,exact,verified,
elb2569,Россия 1 (+2),Russia1.ru,Russia-1,RU,195,1.0,exact,verified,
elb257,Кухня ТВ,KukhnyaTV.ru,Kukhnya TV,RU,388,1.0,exact,verified,
elb2570,Россия 1 (+3),Russia1.ru,Russia-1,RU,200,1.0,exact,verified,
elb2571,Россия 1 (+4),Russia1.ru,Russia-1,RU,199,1.0,exact,verified,
elb2572,Россия 1 (+5),Russia1.ru,Russia-1,RU,147,1.0,exact,verified,
elb2573,Россия 1 (+6),Russia1.ru,Russia-1,RU,146,1.0,exact,verified,
elb2574,Россия 1 (+7),Russia1.ru,Russia-1,RU,177,1.0,exact,verified,
elb2575,Россия 1 (+8),Russia1.ru,Russia-1,RU,144,1.0,exact,verified,
elb2576,Россия 1 (+9),Russia1.ru,Russia-1,RU,143,1.0,exact,verified,
elb2586,RTL 2,RTL2.hr,RTL 2,HR,178,1.0,exact,verified,
elb2588,РТР-Беларусь,RTRBelarus.by,RTR-Belarus,BY,179,1.0,exact,verified,
elb2595,RTVi,RTVi.ru,RTVi,RU,209,1.0,exact,verified,
elb26,Baby Time,BabyTime.ru,Baby Time,RU,735,1.0,exact,verified,
elb261,Липецкое время,Lipeckoevremya.ru,Lipeckoe vremya,RU,167,1.0,exact,verified,
elb2611,Русский экстрим,RussianExtreme.ru,Russian Extreme,RU,244,1.0,exact,verified,
elb2614,Русский Север,RusskiySever.ru,Russkiy Sever,RU,348,1.0,exact,verified,
elb2615,Рыбалка,Rybalka.ua,Rybalka,UA,367,1.0,exact,verified,
elb2619,РЖД ТВ,RZDTV.ru,RZD TV,RU,194,1.0,exact,verified,
elb262,Любимое кино HD,NasheLubimoeKino.ru,Nashe Lubimoe Kino,RU,97,1.0,exact,verified,
elb2636,Sat.1 Emotions HD,SAT1emotions.de,SAT.1 emotions,DE,239,1.0,exact,verified,
elb264,Майдан,Maidan.ru,Maidan,RU,497,1.0,exact,verified,
elb265,Мама,Mama.ru,Mama,RU,241,1.0,exact,verified,
elb2650,Сериал,SerialUHD.ru,Serial UHD,RU,297,1.0,exact,verified,
elb2651,Сериал UHD,SerialUHD.ru,Serial UHD,RU,0,1.0,exact,verified,
elb2656,Setanta Sports,RugbyPassTV.uk,RugbyPass TV,UK,91,1.0,exact,verified,
elb2657,Setanta Sports+,RugbyPassTV.uk,RugbyPass TV,UK,84,1.0,exact,verified,
elb266,МАТЧ Премьер HD,MatchPremier.ru,Match! Premier,RU,137,1.0,exact,verified,
elb267,МАТЧ!,Match.ru,Match!,RU,138,1.0,exact,verified,
elb2678,Шокирующее HD,Shokiruyushchee.ru,Shokiruyushchee,RU,116,1.0,exact,verified,
elb268,МАТЧ! HD,Match.ru,Match!,RU,138,1.0,exact,verified,
elb2686,Сила,Sila.ru,Sila,RU,85,1.0,exact,verified,
elb269,МАТЧ! Арена HD,MatchArena.ru,Match! Arena,RU,159,1.0,exact,verified,
elb2692,Сказки Зайки,Skazkizayki.ru,Skazki zayki,RU,140,1.0,exact,verified,
elb270,МАТЧ! Боец,MatchBoets.ru,Match! Boets,RU,150,1.0,exact,verified,
elb2703,Sky Sport Bundesliga 1 HD,SkySportBundesliga1.de,Sky Sport Bundesliga 1,DE,0,1.0,exact,verified,
elb2704,Sky Sport Bundesliga 2 HD,SkySportBundesliga2.de,Sky Sport Bundesliga 2,DE,9,1.0,exact,verified,
elb2705,Sky Sport Bundesliga 3 HD,SkySportBundesliga3.de,Sky Sport Bundesliga 3,DE,9,1.0,exact,verified,
elb2706,Sky Sport Bundesliga 4 HD,SkySportBundesliga4.de,Sky Sport Bundesliga 4,DE,9,1.0,exact,verified,
elb2707,Sky Sport Bundesliga 5 HD,SkySportBundesliga5.de,Sky Sport Bundesliga 5,DE,9,1.0,exact,verified,
elb2708,Sky Sport Bundesliga 6 HD,SkySportBundesliga6.de,Sky Sport Bundesliga 6,DE,9,1.0,exact,verified,
elb271,МАТЧ! БОЕЦ HD,MatchBoets.ru,Match! Boets,RU,150,1.0,exact,verified,
elb272,МАТЧ! Игра,MatchIgra.ru,Match! Igra,RU,140,1.0,exact,verified,
elb273,МАТЧ! Игра HD,MatchIgra.ru,Match! Igra,RU,140,1.0,exact,verified,
elb274,МАТЧ! СТРАНА,MatchStrana.ru,Match! Strana,RU,201,1.0,exact,verified,
elb275,МАТЧ! Страна HD,MatchStrana.ru,Match! Strana,RU,201,1.0,exact,verified,
elb276,МАТЧ! Футбол 1,MatchFutbol1.ru,Match! Futbol 1,RU,122,1.0,exact,verified,
elb277,МАТЧ! Футбол 1 HD,MatchFutbol1.ru,Match! Futbol 1,RU,121,1.0,exact,verified,
elb278,МАТЧ! Футбол 2,MatchFutbol2.ru,Match! Futbol 2,RU,98,1.0,exact,verified,
elb279,МАТЧ! Футбол 2 HD,MatchFutbol2.ru,Match! Futbol 2,RU,98,1.0,exact,verified,
elb28,Big Planet HD,BigPlanet.ru,Big Planet,RU,265,1.0,exact,verified,
elb280,МАТЧ! Футбол 3,MatchFutbol3.ru,Match! Futbol 3,RU,98,1.0,exact,verified,
elb281,МАТЧ! Футбол 3 HD,MatchFutbol3.ru,Match! Futbol 3,RU,98,1.0,exact,verified,
elb2811,SmartZone,Smartzone.ee,Smartzone,EE,395,1.0,exact,verified,
elb2820,Соловьев.Live,SolovyovLive.ru,Solovyov Live,RU,89,1.0,exact,verified,
elb283,Мир 24,Mir24.ru,Mir 24,RU,627,1.0,exact,verified,
elb2835,Советское кино,SovetskoeKino.ru,Sovetskoe Kino,RU,137,1.0,exact,verified,
elb2836,Советские мультфильмы,Sovetskiemultfilmi.ru,Sovetskie multfilmi,RU,748,1.0,exact,verified,
elb284,Мир Баскетбола HD,MirBasketbola.ru,Mir Basketbola,RU,90,1.0,exact,verified,
elb2840,Спас (+2),Spas.ru,Spas,RU,230,1.0,exact,verified,
elb2841,Спас (+7),Spas.ru,Spas,RU,212,1.0,exact,verified,
elb285,Мир Белогорья,MirBelogorya.ru,Mir Belogorya,RU,296,1.0,exact,verified,
elb2852,Sport 1 Baltic,Sport1Baltic.ua,Sport 1 Baltic,UA,101,1.0,exact,verified,
elb2858,Sport 2 Baltic,Sport2Baltic.ua,Sport 2 Baltic,UA,92,1.0,exact,verified,
elb286,Мир сериала HD,MirSeriala.ru,Mir Seriala,RU,208,1.0,exact,verified,
elb2867,ТВ Спорт,ProArena.ro,Pro Arena,RO,93,1.0,exact,verified,
elb287,Мир увлечений,Miruvlecheniy.ru,Mir uvlecheniy,RU,555,1.0,exact,verified,
elb2870,Sport Klub 3,SportKlub3.nl,Sport Klub 3,NL,0,1.0,exact,verified,
elb2871,Sport Klub 4,SportKlub4.nl,Sport Klub 4,NL,0,1.0,exact,verified,
elb289,Москва 24,Moskva24.ru,Moskva 24,RU,491,1.0,exact,verified,
elb2891,Stars.TV,StarsTV.pl,Stars TV,PL,89,1.0,exact,verified,
elb29,Blue Hustler,BlueHustler.nl,Blue Hustler,NL,221,1.0,exact,verified,
elb290,Москва Доверие,MoskvaDoveriye.ru,Moskva. Doveriye,RU,272,1.0,exact,verified,
elb2901,Страшное HD,StrashnoeHD.ru,Strashnoe HD,RU,135,1.0,exact,verified,
elb2902,СТРК HD,STRK.ru,STRK,RU,145,1.0,exact,verified,
elb2904,СТС International,STSInternational.ru,STS International,RU,423,1.0,exact,verified,
elb2908,СТС Love (+2),STSLove.ru,STS Love,RU,380,1.0,exact,verified,
elb2909,СТС Love (+4),STSLove.ru,STS Love,RU,380,1.0,exact,verified,
elb291,Мосфильм HD. Золотая Коллекция,MosfilmGoldCollection.ru,Mosfilm Gold Collection,RU,143,1.0,exact,verified,
elb2910,СТС Love (+7),STSLove.ru,STS Love,RU,380,1.0,exact,verified,
elb2911,СТС (+2),STS.ru,STS,RU,139,1.0,exact,verified,
elb2912,СТС (+4),STS.ru,STS,RU,141,1.0,exact,verified,
elb2913,СТС (+7),STS.ru,STS,RU,140,1.0,exact,verified,
elb292,Мосфильм. Золотая Коллекция,MosfilmGoldCollection.ru,Mosfilm Gold Collection,RU,143,1.0,exact,verified,
elb2922,Суббота! (+2),Subbota.ru,Subbota!,RU,348,1.0,exact,verified,
elb2923,Суббота! (+4),Subbota.ru,Subbota!,RU,351,1.0,exact,verified,
elb2924,Суббота! (+7),Subbota.ru,Subbota!,RU,356,1.0,exact,verified,
elb293,Моя Планета,MoyaPlaneta.ru,Moya Planeta,RU,294,1.0,exact,verified,
elb2934,Суспільне Спорт,SuspilneSport.ua,Suspilne. Sport,UA,196,1.0,exact,verified,
elb2935,Сварожичи,Svarozhychy.ua,Svarozhychy,UA,48,1.0,exact,verified,
elb2936,Светлое ТВ,SvetloeTV.by,Svetloe TV,BY,1273,1.0,exact,verified,
elb294,Моя Планета HD,MoyaPlaneta.ru,Moya Planeta,RU,294,1.0,exact,verified,
elb2944,Танцуй! HD,Tansuj.ru,Tansuj!,RU,204,1.0,exact,verified,
elb295,Мужское кино HD,Muzhskoekino.ru,Muzhskoe kino,RU,100,1.0,exact,verified,
elb2953,Театр,Teatr.ru,Teatr,RU,129,1.0,exact,verified,
elb2957,Телекафе,Telecafe.ru,Telecafe,RU,75,1.0,exact,verified,
elb296,Мужской,Muzhskoy.ru,Muzhskoy,RU,368,1.0,exact,verified,
elb2961,Телепутешествия HD,Teleputeshestviya.ru,Teleputeshestviya,RU,310,1.0,exact,verified,
elb2968,Терра Инкогнита,TerraInkognita.ru,Terra Inkognita,RU,292,1.0,exact,verified,
elb298,Мульт,Mult.ru,Mult,RU,122,1.0,exact,verified,
elb2980,ТипТоп,TipTop.ru,TipTop,RU,233,1.0,exact,verified,
elb299,Мульт HD,Mult.ru,Mult,RU,122,1.0,exact,verified,
elb300,Мультиландия,Multilandia.ru,Multilandia,RU,112,1.0,exact,verified,
elb3006,ТНТ4,TNT4.ru,TNT4,RU,347,1.0,exact,verified,
elb3008,ТНТ4 (+2),TNT4.ru,TNT4,RU,348,1.0,exact,verified,
elb3009,ТНТ4 (+4),TNT4.ru,TNT4,RU,345,1.0,exact,verified,
elb301,Мультимузыка,Multimuzyka.ru,Mult i muzyka,RU,290,1.0,exact,verified,
elb3010,ТНТ4 (+6),TNT4.ru,TNT4,RU,346,1.0,exact,verified,
elb3011,ТНТ4 (+7),TNT4.ru,TNT4,RU,345,1.0,exact,verified,
elb3041,TRT 1 HD,TRT1.tr,TRT 1,TR,83,1.0,exact,verified,
elb3042,TRT 2 HD,TRT2.tr,TRT 2,TR,235,1.0,exact,verified,
elb3045,TRT Haber HD,TRTHaber.tr,TRT Haber,TR,175,1.0,exact,verified,
elb3066,TV Extra,TVExtra.ru,TV Extra,RU,174,1.0,exact,verified,
elb3077,Viasat Kino Action,ViasatKinoAction.ua,Viasat Kino Action,UA,107,1.0,exact,verified,
elb3078,Viasat Kino,ViasatKino.ua,Viasat Kino,UA,99,1.0,exact,verified,
elb308,Наш Кинопоказ HD,NashKinopokaz.ru,Nash Kinopokaz,RU,115,1.0,exact,verified,
elb3080,Go3 Films,Go3Films.ee,Go3 Films,EE,99,1.0,exact,verified,
elb3096,TV3 Sport 3,Go3Sport3.ee,Go3 Sport 3,EE,101,1.0,exact,verified,
elb3097,TV3 Sport Open,Go3SportOpen.ee,Go3 Sport Open,EE,114,1.0,exact,verified,
elb310,Наша Тема HD,NashaTema.ru,Nasha Tema,RU,394,1.0,exact,verified,
elb311,Наше Мужское HD,Nashemuzhskoe.ru,Nashe muzhskoe,RU,205,1.0,exact,verified,
elb3114,ТВ Центр +2,TVCentr.ru,TV Centr,RU,196,1.0,exact,verified,
elb3115,ТВ Центр +4,TVCentr.ru,TV Centr,RU,240,1.0,exact,verified,
elb3116,ТВ Центр +7,TVCentr.ru,TV Centr,RU,199,1.0,exact,verified,
elb312,Наше новое кино,NasheNovoeKino.ru,Nashe Novoe Kino,RU,98,1.0,exact,verified,
elb3124,TVN Style HD,TVNStyle.pl,TVN Style,PL,180,1.0,exact,verified,
elb3125,TVN Turbo HD,TVNTurbo.pl,TVN Turbo,PL,271,1.0,exact,verified,
elb3128,TVN 7 HD,TVN7.pl,TVN 7,PL,175,1.0,exact,verified,
elb3129,Твоё ТВ - Юмор,TvoyeTVYumor.ru,Tvoye TV Yumor,RU,230,1.0,exact,verified,
elb313,Наше новое кино HD,NasheNovoeKino.ru,Nashe Novoe Kino,RU,98,1.0,exact,verified,
elb3134,Твоё ТВ HD,TvoeTV.ru,Tvoe TV,RU,118,1.0,exact,verified,
elb314,НВК Саха,NVKSakha.ru,NVK Sakha,RU,238,1.0,exact,verified,
elb315,Неизвестная Россия,UnknownRussia.ru,Unknown Russia,RU,277,1.0,exact,verified,
elb3156,TV3 Sport 2,Go3Sport2.ee,Go3 Sport 2,EE,110,1.0,exact,verified,
elb316,Нижний Новгород 24,NizhniyNovgorod24.ru,Nizhniy Novgorod 24,RU,478,1.0,exact,verified,
elb317,Ностальгия,Nostalgia.ru,Nostalgia,RU,258,1.0,exact,verified,
elb320,НТВ Право,NTVLaw.ru,NTV Law,RU,208,1.0,exact,verified,
elb321,НТВ Сериал,NTVSeries.ru,NTV Series,RU,204,1.0,exact,verified,
elb322,НТВ Стиль,NTVStyle.ru,NTV Style,RU,233,1.0,exact,verified,
elb323,НТВ Стиль HD,NTVStyle.ru,NTV Style,RU,233,1.0,exact,verified,
elb324,НТВ Хит,NTVHit.ru,NTV-Hit,RU,263,1.0,exact,verified,
elb325,НТВ Хит HD,NTVHit.ru,NTV-Hit,RU,263,1.0,exact,verified,
elb328,О!Кино,OKino.ru,O!Kino,RU,0,1.0,exact,verified,
elb329,Общественное телевидение России,OTR.ru,OTR,RU,253,1.0,exact,verified,
elb33,BRIDGE,BRIDGE.ru,BRIDGE,RU,87,1.0,exact,verified,
elb331,Оружие,Oruzhie.ru,Oruzhie,RU,358,1.0,exact,verified,
elb332,Осетия-Ирыстон HD,OsetiyaIryston.ru,Osetiya-Iryston,RU,283,1.0,exact,verified,
elb336,Охота и рыбалка,Okhotairybalka.ru,Okhota i rybalka,RU,422,1.0,exact,verified,
elb3364,Viasat Kino Comedy,ViasatKinoComedy.ua,Viasat Kino Comedy,UA,99,1.0,exact,verified,
elb3366,Viasat Kino Megahit,ViasatKinoMegahit.ua,Viasat Kino Megahit,UA,0,1.0,exact,verified,
elb337,Охотник и рыболов HD,Ohotnikirybolov.ru,Ohotnik i rybolov,RU,392,1.0,exact,verified,
elb3371,Vivid Red,VividRedHD.us,Vivid Red HD,US,218,1.0,exact,verified,
elb338,Первый вегетарианский,Pervyyvegetarianskiy.ru,Pervyy vegetarianskiy,RU,505,1.0,exact,verified,
elb3389,Время,Vremya.ru,Vremya,RU,104,1.0,exact,verified,
elb339,Первый вегетарианский HD,Pervyyvegetarianskiy.ru,Pervyy vegetarianskiy,RU,505,1.0,exact,verified,
elb34,BRIDGE CLASSIC,BRIDGEClassic.ru,BRIDGE Classic,RU,55,1.0,exact,verified,
elb340,Первый канал,ChannelOne.ru,Channel One,RU,205,1.0,exact,verified,
elb341,Первый канал HD,ChannelOne.ru,Channel One,RU,205,1.0,exact,verified,
elb342,Первый космический,PervyyKosmicheskiy.ru,Pervyy Kosmicheskiy,RU,332,1.0,exact,verified,
elb343,Первый Крымский,PerviyKrymskiy.ru,Perviy Krymskiy,RU,298,1.0,exact,verified,
elb344,Первый Тульский,PervyyTulskiy.ru,Pervyy Tulskiy,RU,269,1.0,exact,verified,
elb345,Первый Ярославский HD,YaPervyy.ru,YaPervyy,RU,0,1.0,exact,verified,
elb3466,Ю +2,U.ru,U,RU,80,1.0,exact,verified,
elb3467,Ю +4,U.ru,U,RU,80,1.0,exact,verified,
elb3468,Ю +7,U.ru,U,RU,79,1.0,exact,verified,
elb347,Приключения HD,Priklyucheniya.ru,Priklyucheniya,RU,327,1.0,exact,verified,
elb3473,Загородная жизнь,ZagorodnayaZhizn.ru,Zagorodnaya Zhizn,RU,453,1.0,exact,verified,
elb348,ПРО БИЗНЕС,ProBusiness.ru,Pro Business,RU,348,1.0,exact,verified,
elb3489,Зал суда,Zalsuda.ru,Zal suda,RU,268,1.0,exact,verified,
elb349,Про Любовь HD,ProLyubov.ru,Pro Lyubov,RU,114,1.0,exact,verified,
elb35,BRIDGE DELUXE,BRIDGEDeluxe.ru,BRIDGE Deluxe,RU,184,1.0,exact,verified,
elb350,Продвижение,Prodvizhenie.ru,Prodvizhenie,RU,249,1.0,exact,verified,
elb3509,Знание ТВ,ZnanieTV.ru,Znanie.TV,RU,263,1.0,exact,verified,
elb351,Психология,Psikhologiya.ru,Psikhologiya,RU,488,1.0,exact,verified,
elb3512,Zoo TV,ZooTV.ru,Zoo TV,RU,249,1.0,exact,verified,
elb3515,Звезда (+2),Zvezda.ru,Zvezda,RU,221,1.0,exact,verified,
elb3516,Звезда (+4),Zvezda.ru,Zvezda,RU,189,1.0,exact,verified,
elb3517,Звезда (+7),Zvezda.ru,Zvezda,RU,193,1.0,exact,verified,
elb3519,Звязда,Zvyazda.by,Zvyazda,BY,201,1.0,exact,verified,
elb352,Пятница!,Friday.ru,Friday!,RU,165,1.0,exact,verified,
elb353,Пятница! HD,Friday.ru,Friday!,RU,15,1.0,exact,verified,
elb354,Радость моя,RadostMoya.ru,Radost Moya,RU,538,1.0,exact,verified,
elb355,Ратник HD,Ratnik.ru,Ratnik,RU,224,1.0,exact,verified,
elb359,РЕН ТВ,RENTV.ru,REN TV,RU,167,1.0,exact,verified,
elb36,BRIDGE HITS HD,BRIDGEHits.ru,BRIDGE Hits,RU,56,1.0,exact,verified,
elb360,РЕН ТВ HD,RENTV.ru,REN TV,RU,167,1.0,exact,verified,
elb362,Родное кино,RodnoeKino.ru,Rodnoe Kino,RU,146,1.0,exact,verified,
elb3628,3sat,3sat.de,3sat,DE,15,1.0,exact,verified,
elb3629,Adult Channel,AdultChannel.uk,Adult Channel,UK,17,1.0,exact,verified,
elb363,Россия 1 HD,Russia1.ru,Russia-1,RU,144,1.0,exact,verified,
elb3630,Al Jazeera,AlJazeera.qa,Al Jazeera,QA,34,1.0,exact,verified,
elb3633,ARD-alpha,ARDalpha.de,ARD-alpha,DE,35,1.0,exact,verified,
elb364,Россия-1,Russia1.ru,Russia-1,RU,144,1.0,exact,verified,
elb3640,BBC four,BBCFour.uk,BBC Four,UK,12,1.0,exact,verified,
elb3641,BBC News,BBCNews.uk,BBC News,UK,0,1.0,exact,verified,
elb3642,BBC One,BBCOne.uk,BBC One,UK,23,1.0,exact,verified,
elb3643,BBC Two,BBCTwo.uk,BBC Two,UK,19,1.0,exact,verified,
elb3645,Beate-Uhse.TV,BeateUhseTV.de,Beate-Uhse.TV,DE,12,1.0,exact,verified,
elb3647,Bergblick,Bergblick.de,Bergblick,DE,28,1.0,exact,verified,
elb3648,Bibel TV,BibelTV.de,Bibel TV,DE,41,1.0,exact,verified,
elb365,Россия-24,Russia24.ru,Russia-24,RU,502,1.0,exact,verified,
elb3650,BonGusto,BonGusto.de,BonGusto,DE,45,1.0,exact,verified,
elb3656,Canale 5,Canale5.it,Canale 5,IT,27,1.0,exact,verified,
elb366,Россия-К,RussiaK.ru,Russia-K,RU,197,1.0,exact,verified,
elb3660,Club MTV,ClubMTV.au,Club MTV,AU,0,1.0,exact,verified,
elb3662,CNN International,CNNInternational.us,CNN International,US,32,1.0,exact,verified,
elb3663,CNN Türk,CNNTurk.tr,CNN Turk,TR,9,1.0,exact,verified,
elb3669,DELUXE MUSIC,DeluxeMusic.de,Deluxe Music,DE,12,1.0,exact,verified,
elb367,Русская ночь,Russiannight.ru,Russian night,RU,150,1.0,exact,verified,
elb3670,DF1,DF1.de,DF1,DE,22,1.0,exact,verified,
elb3675,Dokusat,Dokusat.de,Dokusat,DE,16,1.0,exact,verified,
elb3678,Euro D,EuroD.tr,Euro D,TR,11,1.0,exact,verified,
elb368,Русский бестселлер,RusskiyBestseller.ru,Russkiy Bestseller,RU,219,1.0,exact,verified,
elb3680,euronews,Euronews.pl,Euronews,PL,97,1.0,exact,verified,
elb3681,Eurosport 1,Eurosport1.fr,Eurosport 1,FR,6,1.0,exact,verified,
elb3682,Eurosport 2,Eurosport2.fr,Eurosport 2,FR,18,1.0,exact,verified,
elb3686,France 2,France2.fr,France 2,FR,39,1.0,exact,verified,
elb3689,France 3,France3.fr,France 3,FR,41,1.0,exact,verified,
elb369,Русский детектив,RusskiyDetektiv.ru,Russkiy Detektiv,RU,221,1.0,exact,verified,
elb3690,France 4,France4.fr,France 4,FR,60,1.0,exact,verified,
elb3691,France 5,France5.fr,France 5,FR,42,1.0,exact,verified,
elb3692,GEO Television,GEOTelevision.de,GEO Television,DE,24,1.0,exact,verified,
elb3693,GoldStar TV,GoldstarTV.de,Goldstar TV,DE,21,1.0,exact,verified,
elb3694,Gute Laune TV,GuteLauneTV.de,Gute Laune TV,DE,11,1.0,exact,verified,
elb3695,Hamburg 1,Hamburg1.de,Hamburg 1,DE,51,1.0,exact,verified,
elb3697,Heimatkanal,Heimatkanal.de,Heimatkanal,DE,21,1.0,exact,verified,
elb37,BRIDGE ROCK HD,BRIDGERock.ru,BRIDGE Rock,RU,59,1.0,exact,verified,
elb370,Русский Иллюзион,RusskiyIllusion.ru,Russkiy Illusion,RU,106,1.0,exact,verified,
elb3701,HSE Extra,HSEExtra.de,HSE Extra,DE,13,1.0,exact,verified,
elb3704,kabel eins CLASSICS,kabeleinsClassics.de,kabel eins Classics,DE,13,1.0,exact,verified,
elb3705,kabel eins Doku,kabeleinsDoku.de,kabel eins Doku,DE,30,1.0,exact,verified,
elb3706,KiKA,KiKA.de,KiKA,DE,34,1.0,exact,verified,
elb3711,Marco Polo TV,MarcoPoloTV.de,Marco Polo TV,DE,40,1.0,exact,verified,
elb3714,More than Sports TV,MoreThanSportsTV.de,More Than Sports TV,DE,7,1.0,exact,verified,
elb3715,Motorvision TV,Motorvision.de,Motorvision,DE,20,1.0,exact,verified,
elb3717,MTV 80s,MTV80s.uk,MTV 80s,UK,0,1.0,exact,verified,
elb3718,MTV Base,MTVBase.uk,MTV Base,UK,0,1.0,exact,verified,
elb372,Русский роман,Russkiyroman.ru,Russkiy roman,RU,76,1.0,exact,verified,
elb3721,münchen.tv,MunchenTV.de,Munchen TV,DE,0,1.0,exact,verified,
elb3722,N24 Doku,N24Doku.de,N24 Doku,DE,26,1.0,exact,verified,
elb373,Русский роман HD,Russkiyroman.ru,Russkiy roman,RU,76,1.0,exact,verified,
elb3731,NITRO,Nitro.de,Nitro,DE,16,1.0,exact,verified,
elb3734,oe24.TV,oe24TV.at,oe24.TV,AT,25,1.0,exact,verified,
elb3736,ORF 2,ORF2.at,ORF 2,AT,48,1.0,exact,verified,
elb3737,ORF 1,ORF1.at,ORF 1,AT,37,1.0,exact,verified,
elb374,Рыболов,Rybolov.ru,Rybolov,RU,360,1.0,exact,verified,
elb3743,ProSieben Fun,ProSiebenFun.de,ProSieben Fun,DE,25,1.0,exact,verified,
elb3744,ProSieben MAXX,ProSiebenMaxx.de,ProSieben Maxx,DE,43,1.0,exact,verified,
elb375,Рыжий,Ryzhiy.ru,Ryzhiy,RU,280,1.0,exact,verified,
elb3752,RiC,RiC.de,RiC,DE,30,1.0,exact,verified,
elb3759,RTLup,RTLup.de,RTLup,DE,27,1.0,exact,verified,
elb376,Салям,Salyam.ru,Salyam,RU,281,1.0,exact,verified,
elb3761,SAT.1,SAT1.de,SAT.1,DE,13,1.0,exact,verified,
elb3762,SAT.1 emotions,SAT1emotions.de,SAT.1 emotions,DE,22,1.0,exact,verified,
elb3763,SAT.1 Gold,SAT1Gold.de,SAT.1 Gold,DE,30,1.0,exact,verified,
elb3765,Show Turk,ShowTurk.tr,Show Turk,TR,0,1.0,exact,verified,
elb377,Санкт-Петербург HD,SanktPeterburg.ru,Sankt-Peterburg,RU,286,1.0,exact,verified,
elb3777,Sky Krimi,SkyKrimi.de,Sky Krimi,DE,24,1.0,exact,verified,
elb378,Сапфир,Saphire.ru,Saphire,RU,214,1.0,exact,verified,
elb3788,Sky Sport Top Event,SkySportTopEvent.de,Sky Sport Top Event,DE,18,1.0,exact,verified,
elb3789,sonnenklar.TV,SonnenklarTV.de,Sonnenklar TV,DE,31,1.0,exact,verified,
elb379,Сапфир HD,Saphire.ru,Saphire,RU,214,1.0,exact,verified,
elb3790,SPIEGEL Geschichte,SpiegelGeschichte.de,Spiegel Geschichte,DE,27,1.0,exact,verified,
elb3793,sportdigital,SportdigitalFUSSBALL.de,Sportdigital FUSSBALL,DE,22,1.0,exact,verified,
elb3794,SRF 1,SRF1.ch,SRF 1,CH,34,1.0,exact,verified,
elb3795,SRF zwei,SRFzwei.ch,SRF zwei,CH,18,1.0,exact,verified,
elb38,BRIDGE Русский Хит,BRIDGERussianHit.ru,BRIDGE Russian Hit,RU,79,1.0,exact,verified,
elb380,Сарафан,Sarafan.ru,Sarafan,RU,252,1.0,exact,verified,
elb3800,tagesschau24,tagesschau24.de,tagesschau24,DE,34,1.0,exact,verified,
elb3801,TELE 5,TELE5.de,TELE 5,DE,13,1.0,exact,verified,
elb3804,TOGGO plus,TOGGOplus.de,TOGGO plus,DE,57,1.0,exact,verified,
elb3806,travelxp 4K,Travelxp.in,Travelxp,IN,48,1.0,exact,verified,
elb3808,tv.berlin,TVBerlin.de,TV Berlin,DE,0,1.0,exact,verified,
elb381,Своё ТВ,SvoyoTV.ru,Svoyo TV,RU,306,1.0,exact,verified,
elb3810,TV5 Monde,TV5Monde.fr,TV5 Monde,FR,43,1.0,exact,verified,
elb3814,VOXup,Voxup.de,Voxup,DE,31,1.0,exact,verified,
elb3815,Warner TV Comedy,WarnerTVComedy.de,Warner TV Comedy,DE,53,1.0,exact,verified,
elb3816,Warner TV Film,WarnerTVFilm.de,Warner TV Film,DE,13,1.0,exact,verified,
elb3817,Warner TV Serie,WarnerTVSerie.de,Warner TV Serie,DE,31,1.0,exact,verified,
elb3819,WELT,WELT.de,WELT,DE,43,1.0,exact,verified,
elb3821,ZDF,ZDF.de,ZDF,DE,30,1.0,exact,verified,
elb3822,ZDFinfo,ZDFinfo.de,ZDFinfo,DE,32,1.0,exact,verified,
elb3823,ZDFneo,ZDFneo.de,ZDFneo,DE,28,1.0,exact,verified,
elb383,Сибирь 24,Sibir24.ru,Sibir 24,RU,501,1.0,exact,verified,
elb384,Смайлик ТВ,SmileTV.ru,Smile TV,RU,1102,1.0,exact,verified,
elb385,Совершенно секретно,TopSecret.ru,Top Secret,RU,248,1.0,exact,verified,
elb389,Союз,Soyuz.ru,Soyuz,RU,708,1.0,exact,verified,
elb39,BRIDGE ФРЭШ HD,BRIDGEFresh.ru,BRIDGE Fresh,RU,192,1.0,exact,verified,
elb390,Спас,Spas.ru,Spas,RU,225,1.0,exact,verified,
elb394,СТАРТ Триумф HD,StartTriumf.ru,Start Triumf,RU,110,1.0,exact,verified,
elb395,СТС,STS.ru,STS,RU,134,1.0,exact,verified,
elb396,СТС Kids HD,STSkids.ru,STS kids,RU,1142,1.0,exact,verified,
elb397,СТС Love,STSLove.ru,STS Love,RU,450,1.0,exact,verified,
elb398,Суббота HD,Subbota.ru,Subbota!,RU,331,1.0,exact,verified,
elb40,BRIDGE Шлягер,BRIDGESchlager.ru,BRIDGE Schlager,RU,81,1.0,exact,verified,
elb401,Тайна,Tayna.ru,Tayna,RU,235,1.0,exact,verified,
elb402,Тайны Галактики HD,TaynyGalaktiki.ru,Tayny Galaktiki,RU,356,1.0,exact,verified,
elb4024,Z!Channel HD,ZChannel.tw,Z Channel,TW,0,1.0,exact,verified,
elb403,Тамыр,Tamyr.ru,Tamyr,RU,482,1.0,exact,verified,
elb404,Танцуй HD,Tansuj.ru,Tansuj!,RU,204,1.0,exact,verified,
elb407,ТВ-21,TV21.ru,TV 21,RU,103,1.0,exact,verified,
elb41,Cartoon Classics,CartoonClassics.pl,Cartoon Classics,PL,786,1.0,exact,verified,
elb410,ТВЦ HD,TVCentr.ru,TV Centr,RU,235,1.0,exact,verified,
elb413,Телепутешествия,Teleputeshestviya.ru,Teleputeshestviya,RU,293,1.0,exact,verified,
elb416,ТНВ Планета,TNVPlanet.ru,TNV-Planet,RU,235,1.0,exact,verified,
elb417,ТНВ Татарстан,TNVTatarstan.ru,TNV-Tatarstan,RU,277,1.0,exact,verified,
elb4178,31 Канал,31Kanal.kz,31 Kanal,KZ,189,1.0,exact,verified,
elb4180,Хабар,Khabar.kz,Khabar,KZ,125,1.0,exact,verified,
elb4183,ТВ Центр International,TVCentrInternational.ru,TV Centr International,RU,189,1.0,exact,verified,
elb4185,СТС International,STSInternational.ru,STS International,RU,380,1.0,exact,verified,
elb4189,РТР Планета,RTRPlaneta.ru,RTR-Planeta,RU,163,1.0,exact,verified,
elb4192,Первый канал Евразия,ChannelOneEurasia.kz,Channel One Eurasia,KZ,139,1.0,exact,verified,
elb4194,Отырар-TV,OtyrarTV.kz,Otyrar TV,KZ,220,1.0,exact,verified,
elb4195,НТК,NTK.kz,NTK,KZ,152,1.0,exact,verified,
elb4196,НТВ Мир,NTVMir.ru,NTV Mir,RU,189,1.0,exact,verified,
elb4197,КТК,KTK.kz,KTK,KZ,117,1.0,exact,verified,
elb4199,Ирбис ТВ,IrbisTV.kz,Irbis TV,KZ,173,1.0,exact,verified,
elb420,ТНТ Music,FonMusic.ru,Fon Music,RU,183,1.0,exact,verified,
elb4205,SHOW KZ,SHOWKZ.kz,SHOW KZ,KZ,117,1.0,exact,verified,
elb421,ТНТ4,TNT4.ru,TNT4,RU,333,1.0,exact,verified,
elb4212,Abai TV,AbaiTV.kz,Abai TV,KZ,186,1.0,exact,verified,
elb422,Тольятти 24,Tolyatti24.ru,Tolyatti 24,RU,475,1.0,exact,verified,
elb4221,Balapan,Balapan.kz,Balapan,KZ,391,1.0,exact,verified,
elb4222,Caspian News,CaspianNews.kz,Caspian News,KZ,582,1.0,exact,verified,
elb423,Тонус,Tonus.ru,Tonus,RU,352,1.0,exact,verified,
elb4241,Q LEAGUE,QLeague.kz,Q League,KZ,110,1.0,exact,verified,
elb4242,Qazaqstan HD,Qazaqstan.kz,Qazaqstan,KZ,201,1.0,exact,verified,
elb4243,Qazsport HD,QazSport.kz,QazSport,KZ,171,1.0,exact,verified,
elb425,Точка отрыва,Tochkaotryva.ru,Tochka otryva,RU,379,1.0,exact,verified,
elb426,Точка ТВ,TochkaTV.ru,Tochka TV,RU,0,1.0,exact,verified,
elb428,Уникум,Unikum.ru,Unikum,RU,861,1.0,exact,verified,
elb429,Усадьба,Usadba.ru,Usadba,RU,474,1.0,exact,verified,
elb430,Успех,Uspeh.ru,Uspeh,RU,417,1.0,exact,verified,
elb431,Феникс кино,FeniksplusKino.ru,Feniks plus Kino,RU,184,1.0,exact,verified,
elb4326,Epoque,Epoque.ua,Epoque,UA,0,1.0,exact,verified,
elb4327,Kronehit HD,Kronehit.at,Kronehit,AT,73,1.0,exact,verified,
elb4335,Good Life,GoodLife.il,Good Life,IL,0,1.0,exact,verified,
elb4337,YES Docu HD,YesDocu.il,Yes Docu,IL,0,1.0,exact,verified,
elb434,Хит HD,Hit.ru,Hit,RU,149,1.0,exact,verified,
elb436,Хузур ТВ,HuzurTV.ru,Huzur TV,RU,407,1.0,exact,verified,
elb437,Центральное телевидение,CentralTV.ru,Central TV,RU,230,1.0,exact,verified,
elb438,Че,Che.ru,Che!,RU,318,1.0,exact,verified,
elb440,Шаян ТВ,ShayanTV.ru,Shayan TV,RU,480,1.0,exact,verified,
elb441,Шёлк,Silk.ru,Silk,RU,483,1.0,exact,verified,
elb443,Ю,U.ru,U,RU,168,1.0,exact,verified,
elb444,Ювелирочка,Yuvelirochka.ru,Yuvelirochka,RU,185,1.0,exact,verified,
elb4443,EGO HD,Ego.il,Ego,IL,0,1.0,exact,verified,
elb4449,Sky Cinema Special,SkyCinemaSpecial.de,Sky Cinema Special,DE,201,1.0,exact,verified,
elb4507,SKY HIGH ADULT HD,SKYHIGHADULTHD.ru,SKY HIGH ADULT HD,RU,0,1.0,exact,verified,
elb4634,LRT Lituanica,LRTLituanica.lt,LRT Lituanica,LT,148,1.0,exact,verified,
elb4675,ETV 2,ETV2.ee,ETV 2,EE,376,1.0,exact,verified,
elb4698,4ever Cinema HD,4everCinema.ua,4ever Cinema,UA,12,1.0,exact,verified,
elb4699,4ever Drama HD,4everDrama.ua,4ever Drama,UA,12,1.0,exact,verified,
elb47,Classic Music,ClassicMusic.ru,Classic Music,RU,148,1.0,exact,verified,
elb4700,4ever music hd,4everMusic.ua,4ever Music,UA,9,1.0,exact,verified,
elb4715,Go3 Sport 4,Go3Sport4.ee,Go3 Sport 4,EE,0,1.0,exact,verified,
elb4861,V Sport Ultra HD,VSportUltraHD.se,V Sport Ultra HD,SE,41,1.0,exact,verified,
elb4886,4ever Theater HD,4everTheater.ua,4ever Theater,UA,12,1.0,exact,verified,
elb4903,Gol Classics HD,GolClassics.es,Gol Classics,ES,0,1.0,exact,verified,
elb4907,Смотрим 100% Детское,Smotrim100Detskoe.ru,Smotrim 100% Detskoe,RU,188,1.0,exact,verified,
elb4908,Смотрим 100% Классика,Smotrim100Klassika.ru,Smotrim 100% Klassika,RU,74,1.0,exact,verified,
elb4909,Смотрим 100% Любовь,Smotrim100Lyubov.ru,Smotrim 100% Lyubov,RU,130,1.0,exact,verified,
elb4910,Смотрим 100% Мужское,Smotrim100Muzhskoe.ru,Smotrim 100% Muzhskoe,RU,169,1.0,exact,verified,
elb4911,Смотрим 100% Праздник,Smotrim100Prazdnik.ru,Smotrim 100% Prazdnik,RU,149,1.0,exact,verified,
elb4912,Смотрим 100% Факты,Smotrim100Fakty.ru,Smotrim 100% Fakty,RU,334,1.0,exact,verified,
elb4913,Music Box Classic,MusicBoxClassic.cz,Music Box Classic,CZ,185,1.0,exact,verified,
elb4914,Music Box Dance,MusicBoxDance.cz,Music Box Dance,CZ,181,1.0,exact,verified,
elb4915,Music Box Hits,MusicBoxHits.cz,Music Box Hits,CZ,185,1.0,exact,verified,
elb4920,Toshkent,Toshkent.uz,Toshkent,UZ,224,1.0,exact,verified,
elb52,ducktv HD,ducktv.sk,ducktv,SK,4226,1.0,exact,verified,
elb54,English Class HD,EnglishClass.ru,English Class,RU,1623,1.0,exact,verified,
elb55,Epic,EpicBharat.in,Epic Bharat,IN,167,1.0,exact,verified,
elb56,Europa Plus TV,EuropaPlusTV.ru,Europa Plus TV,RU,233,1.0,exact,verified,
elb57,Europa Plus TV HD,EuropaPlusTV.ru,Europa Plus TV,RU,233,1.0,exact,verified,
elb60,Exxxotica HD,Exxxotica.ru,Exxxotica,RU,140,1.0,exact,verified,
elb62,FAN,FAN.ru,FAN,RU,254,1.0,exact,verified,
elb63,FAN HD,FAN.ru,FAN,RU,254,1.0,exact,verified,
elb639,LIBERTY EROTIKA FHD,LibertyErotikaFHD.uk,Liberty Erotika FHD,UK,105,1.0,exact,verified,
elb66,Fashion&Style 4K,FashionStyle4K.ru,Fashion&Style 4K,RU,672,1.0,exact,verified,
elb684,Перший автомобільний,Pershyiavtomobilnyi.ua,Pershyi avtomobilnyi,UA,88,1.0,exact,verified,
elb688,1+1 International,1Plus1International.ua,1+1 International,UA,112,1.0,exact,verified,
elb689,1+1 Україна,1Plus1Ukraina.ua,1+1 Ukraina,UA,106,1.0,exact,verified,
elb69,FrenchLover,FrenchLover.ru,French Lover,RU,179,1.0,exact,verified,
elb70,Gulli Girl,GulliGirl.ru,Gulli Girl,RU,825,1.0,exact,verified,
elb717,4ever Cinema,4everCinema.ua,4ever Cinema,UA,70,1.0,exact,verified,
elb718,4ever Drama,4everDrama.ua,4ever Drama,UA,46,1.0,exact,verified,
elb719,4ever Music,4everMusic.ua,4ever Music,UA,97,1.0,exact,verified,
elb72,Hollywood,Hollywood.ru,Hollywood,RU,120,1.0,exact,verified,
elb720,4ever Theater,4everTheater.ua,4ever Theater,UA,71,1.0,exact,verified,
elb73,Hollywood HD,Hollywood.ru,Hollywood,RU,118,1.0,exact,verified,
elb742,78,78.ru,78,RU,303,1.0,exact,verified,
elb749,8 канал International,Channel8International.ru,Channel 8 International,RU,235,1.0,exact,verified,
elb76,KBS World,KBSWorld.kr,KBS World,KR,219,1.0,exact,verified,
elb760,A Spor HD,ASpor.tr,A Spor,TR,102,1.0,exact,verified,
elb77,KHL,KHL.ru,KHL,RU,109,1.0,exact,verified,
elb78,KHL HD,KHL.ru,KHL,RU,109,1.0,exact,verified,
elb788,Анекдот ТВ,AnekdotTV.ru,Anekdot TV,RU,1056,1.0,exact,verified,
elb79,KHL Prime,KHLPrime.ru,KHL Prime,RU,127,1.0,exact,verified,
elb795,Anime TV,AnimeTV.br,Anime TV,BR,246,1.0,exact,verified,
elb8,24KZ,24KZ.kz,24KZ,KZ,706,1.0,exact,verified,
elb81,KinoJam 1 HD,KinoJam1.ru,KinoJam 1,RU,0,1.0,exact,verified,
elb82,KinoJam 2 HD,KinoJam2.ru,KinoJam 2,RU,0,1.0,exact,verified,
elb84,KION Хит HD,KIONHIT.ru,KION HIT,RU,0,1.0,exact,verified,
elb85,Luxury,Luxury.ru,Luxury,RU,166,1.0,exact,verified,
elb853,Astro Premier League HD,AstroPremierLeague.my,Astro Premier League,MY,103,1.0,exact,verified,
elb854,Astro Premier League 2 HD,AstroPremierLeague2.my,Astro Premier League 2,MY,251,1.0,exact,verified,
elb856,Astro Football HD,AstroFootball.my,Astro Football,MY,97,1.0,exact,verified,
elb86,Luxury HD,Luxury.ru,Luxury,RU,322,1.0,exact,verified,
elb863,ATV Bazmoc TV,ATVBazmocTV.am,ATV Bazmoc TV,AM,208,1.0,exact,verified,
elb864,ATV Filmzone,ATVFilmzone.am,ATV Filmzone,AM,160,1.0,exact,verified,
elb866,ATV Kinoman,ATVKinoman.am,ATV Kinoman,AM,96,1.0,exact,verified,
elb88,Mezzo,Mezzo.fr,Mezzo,FR,152,1.0,exact,verified,
elb885,Балет Опера,BaletOpera.ru,Balet Opera,RU,84,1.0,exact,verified,
elb888,Balticum Platinum,BalticumPlatinum.lt,Balticum Platinum,LT,167,1.0,exact,verified,
elb89,Mezzo Live HD,MezzoLive.fr,Mezzo Live,FR,134,1.0,exact,verified,
elb90,MMA-TV,MMATV.us,MMA TV,US,76,1.0,exact,verified,
elb91,MMA-TV HD,MMATV.us,MMA TV,US,76,1.0,exact,verified,
elb961,beIN Sports 4K,beINSports.qa,beIN Sports,QA,0,1.0,exact,verified,
elb97,Plan B,PlanB.ru,Plan_B,RU,140,1.0,exact,verified,
elb970,Беларусь 1 HD,Belarus1.by,Belarus-1,BY,194,1.0,exact,verified,
elb971,Беларусь 2 HD,Belarus2.by,Belarus-2,BY,155,1.0,exact,verified,
elb973,Беларусь 3 HD,Belarus3.by,Belarus-3,BY,175,1.0,exact,verified,
elb979,Беларусь 5 HD,Belarus5.by,Belarus-5,BY,128,1.0,exact,verified,
elb99,Quadro 4K,Quadro.ru,Quadro,RU,267,1.0,exact,verified,
elb993,Блокбастер HD,Blokbaster.ru,Blokbaster,RU,97,1.0,exact,verified,
elb999,Бобер,Bober.ru,Bober,RU,147,1.0,exact,verified,
